path,title,title_length,meta_desc,desc_length,canonical,canonical_ok,h1_count,schema_types,og_image,robots,faq_count,banned_phrases
"/","KP Fasteners — Industrial Fastener Manufacturer, Ahmedabad",58,"KP Fasteners manufactures and supplies foundation bolts, stud bolts, tie rods and custom industrial fasteners from Ahmedabad, Gujarat. Request a quote today.",157,"https://kpfasteners.com/",PASS,1,"ItemList;Organization;WebSite;LocalBusiness","https://kpfasteners.com/brand/logo.jpg.jpeg","index, follow",0,""
"/about/","Fastener Manufacturer Ahmedabad | About KP Fasteners | KP",57,"Fastener manufacturer in Ahmedabad: OEM foundation, anchor, stud bolts and sag rods, plus complete distribution range. Certified MTC. Request a project quote.",158,"https://kpfasteners.com/about/",PASS,1,"AboutPage;Organization;LocalBusiness;BreadcrumbList;FAQPage;BreadcrumbList;Organization;WebSite;LocalBusiness","https://kpfasteners.com/product-images/about/facility.jpg","index, follow",0,""
"/tools/","Fastener Weight &amp; Torque Calculator | Engineering Tools | KP Fasteners",74,"Free industrial fastener engineering calculators: theoretical weight estimator for bolts, nuts and studs, bolt tightening torque calculator, and foundation embedment estimator. KP Fasteners Ahmedabad.",200,"https://kpfasteners.com/tools/",PASS,1,"WebApplication;BreadcrumbList;FAQPage;BreadcrumbList;Organization;WebSite;LocalBusiness","https://kpfasteners.com/brand/logo.jpg.jpeg","index, follow",0,""
"/contact/","Contact KP Fasteners — Ahmedabad Factory &amp; Sales",52,"Call, WhatsApp or email KP Fasteners at 23/4 Ghanshyam Industrial Estate, Ahmedabad 380024. Phone +91 98982 30448. Mon–Sat 09:30–19:00 IST.",139,"https://kpfasteners.com/contact/",PASS,1,"ContactPage;LocalBusiness;BreadcrumbList;BreadcrumbList;Organization;WebSite;LocalBusiness","https://kpfasteners.com/brand/logo.jpg.jpeg","index, follow",0,""
"/request-quote/","Request a Fastener Quote — KP Fasteners, Ahmedabad",50,"Send your bolt, nut, stud or anchor RFQ to KP Fasteners in Ahmedabad. Upload a drawing or BOQ, or WhatsApp us on +91 98982 30448.",129,"https://kpfasteners.com/request-quote/",PASS,1,"ContactPage;BreadcrumbList;BreadcrumbList;Organization;WebSite;LocalBusiness","https://kpfasteners.com/brand/logo.jpg.jpeg","index, follow",0,""
"/products/","Industrial Fasteners Manufacturer &amp; Product Range | KP",58,"Industrial fasteners manufacturer and supplier in Ahmedabad. Browse foundation bolts, stud bolts, sag rods, hex bolts &amp; solar hardware. Request an RFQ today.",161,"https://kpfasteners.com/products/",PASS,1,"CollectionPage;BreadcrumbList;FAQPage;BreadcrumbList;Organization;WebSite;LocalBusiness","https://kpfasteners.com/product-images/products-hub/hero.jpg","index, follow",0,""
"/products/foundation-bolts/","Foundation Bolts Manufacturer | IS 5624 &amp; F1554 | KP",56,"J, L, U, headed &amp; swedge foundation bolts to IS 5624, DIN 529 and ASTM F1554. MS and high-tensile, HDG or zinc. Ahmedabad-manufactured. Request a BOQ quote.",160,"https://kpfasteners.com/products/foundation-bolts/",PASS,1,"Product;BreadcrumbList;FAQPage;BreadcrumbList;Organization;WebSite;LocalBusiness","https://kpfasteners.com/images/products/bolts/j-bolt.jpg","index, follow",16,""
"/products/stud-bolts/","Stud Bolts Manufacturer | ASTM A193 B7, B7M, B8M | KP",53,"Fully-threaded, tap-end and double-end stud bolts to ASTM A193 B7, B7M, B8M and A320 L7 — alloy &amp; stainless, MTC 3.1 on request. Ahmedabad-made. Request a BOQ.",163,"https://kpfasteners.com/products/stud-bolts/",PASS,1,"Product;BreadcrumbList;FAQPage;BreadcrumbList;Organization;WebSite;LocalBusiness","https://kpfasteners.com/images/products/threaded-rods/threaded-rod-stud.jpg","index, follow",12,""
"/products/sag-rods/","Sag Rods Manufacturer | PEB Purlin &amp; Solar Bracing | KP",59,"Threaded sag rods for PEB purlin bracing and solar racking cross-bracing. MS and high-tensile, HDG or zinc, MTC on request. Ahmedabad-made — request a BOQ quote.",161,"https://kpfasteners.com/products/sag-rods/",PASS,1,"Product;BreadcrumbList;FAQPage;BreadcrumbList;Organization;WebSite;LocalBusiness","https://kpfasteners.com/images/products/threaded-rods/threaded-rod-stud.jpg","index, follow",8,""
"/products/tie-rods/","Tie Rod Manufacturer and Formwork Supplier | D15 D20 | KP",57,"D15 and D20 formwork tie rods with matching wing nuts, water bars, anchor plates and cones. Plain, HDG, zinc. MTC available. Request your project BOQ quote.",156,"https://kpfasteners.com/products/tie-rods/",PASS,1,"Product;BreadcrumbList;FAQPage;BreadcrumbList;Organization;WebSite;LocalBusiness","https://kpfasteners.com/product-images/tie-rods/hero.jpg","index, follow",0,""
"/products/csk-allen-bolts/","CSK Allen Bolts Manufacturer and Supplier | DIN 7991 | KP",57,"CSK Allen bolts (DIN 7991), socket cap (DIN 912) and button screws in Grade 8.8, 10.9, 12.9, SS. Black oxide, zinc, MTC available. Request your project quote.",158,"https://kpfasteners.com/products/csk-allen-bolts/",PASS,1,"Product;BreadcrumbList;FAQPage;BreadcrumbList;Organization;WebSite;LocalBusiness","https://kpfasteners.com/product-images/csk-allen/hero.jpg","index, follow",0,""
"/products/scaffold-accessories/","Scaffold Accessories Supplier | Tie Rods, Wing Nuts | KP",56,"Formwork tie rods (D15/D20), wing nuts, waller plates and shuttering hardware — manufactured and supplied from Ahmedabad, HDG options, MTC. Request BOQ.",152,"https://kpfasteners.com/products/scaffold-accessories/",PASS,1,"Product;BreadcrumbList;FAQPage;BreadcrumbList;Organization;WebSite;LocalBusiness","https://kpfasteners.com/images/products/threaded-rods/wedge-anchor.jpg","index, follow",14,""
"/products/solar-accessories/","Solar Mounting Accessories Manufacturer &amp; Supply | KP",57,"T-head bolts, module clamps, MMS bolts &amp; hanger bolts for rooftop and ground solar. SS 304, SS 316 coastal, HDG steel. Sourced by KP Fasteners. Request a quote.",164,"https://kpfasteners.com/products/solar-accessories/",PASS,1,"Product;BreadcrumbList;FAQPage;BreadcrumbList;Organization;WebSite;LocalBusiness","https://kpfasteners.com/product-images/solar-accessories/hero.jpg","index, follow",0,""
"/products/hex-bolts-nuts/","Hex Bolts and Nuts Manufacturer &amp; Distributor | KP",54,"Hex bolts &amp; nuts to DIN 931/933/934, ISO 4014/4017. Property class 4.6 to 10.9 &amp; SS 304/316. Zinc, HDG, black oxide. MTC available. Request your project quote.",167,"https://kpfasteners.com/products/hex-bolts-nuts/",PASS,1,"Product;BreadcrumbList;FAQPage;BreadcrumbList;Organization;WebSite;LocalBusiness","https://kpfasteners.com/product-images/hex-bolts-nuts/hero.jpg","index, follow",0,""
"/products/custom-fasteners/","Custom Fasteners Manufacturer and Sourcing Partner | KP",55,"Custom fastener manufacturing and sourcing to print. Send PDF or CAD drawings for quote on tolerances, materials, finishes and lead times. Upload your drawing.",159,"https://kpfasteners.com/products/custom-fasteners/",PASS,1,"Product;BreadcrumbList;FAQPage;BreadcrumbList;Organization;WebSite;LocalBusiness","https://kpfasteners.com/product-images/custom/hero.jpg","index, follow",0,""
"/materials/high-tensile-fasteners/","High-Tensile Bolts Manufacturer | PC 8.8 10.9 12.9 | KP",55,"Property class 4.6, 8.8, 10.9 &amp; 12.9 compared to ISO 898-1: yield, UTS, hardness, torque &amp; HDE risk. Pick the right grade for your joint. Request an RFQ quote.",167,"https://kpfasteners.com/materials/high-tensile-fasteners/",PASS,1,"WebPage;FAQPage;BreadcrumbList;Organization;WebSite;LocalBusiness","https://kpfasteners.com/product-images/high-tensile/hero.jpg","index, follow",0,""
"/materials/stainless-steel-fasteners/","Stainless Steel Fasteners Manufacturer | SS 304 vs 316 | KP",59,"SS 304, 316, 316L &amp; 316Ti compared: chemistry, PREN, corrosion, magnetism &amp; ISO 3506 specs. Decision tree for solar, coastal &amp; pharma. Request an RFQ quote.",168,"https://kpfasteners.com/materials/stainless-steel-fasteners/",PASS,1,"WebPage;FAQPage;BreadcrumbList;Organization;WebSite;LocalBusiness","https://kpfasteners.com/product-images/stainless-steel/hero.jpg","index, follow",0,""
"/industries/solar-mounting-fasteners/","Solar Mounting Bolts Supplier | Rooftop &amp; Ground-Mount | KP",63,"Fastener BOMs for rooftop residential, C&amp;I, ground-mount &amp; tracker solar: SS 304/316 module hardware, HDG substructure &amp; OEM pier anchors. Request an RFQ quote.",172,"https://kpfasteners.com/industries/solar-mounting-fasteners/",PASS,1,"WebPage;FAQPage;BreadcrumbList;Organization;WebSite;LocalBusiness","https://kpfasteners.com/product-images/solar/hero.jpg","index, follow",0,""
"/industries/construction-infrastructure/","Construction &amp; Infrastructure Fasteners Supplier | KP",57,"PEB anchor bolts, structural 8.8 hex bolts, sag rods, tie rods, HDG foundation bolts &amp; bridge fasteners from KP Fasteners, Ahmedabad. Request a project quote.",162,"https://kpfasteners.com/industries/construction-infrastructure/",PASS,1,"WebPage;FAQPage;BreadcrumbList;Organization;WebSite;LocalBusiness","https://kpfasteners.com/product-images/construction/hero.jpg","index, follow",0,""
"/industries/automotive-heavy-engineering/","Automotive Fasteners Manufacturer &amp; Heavy Engg | KP",55,"High-tensile PC 10.9 &amp; 12.9 bolts, custom studs, socket screws, and heavy engineering fasteners from KP Fasteners, Ahmedabad. Request your drawing quote today.",163,"https://kpfasteners.com/industries/automotive-heavy-engineering/",PASS,1,"WebPage;FAQPage;BreadcrumbList;Organization;WebSite;LocalBusiness","https://kpfasteners.com/product-images/automotive/hero.jpg","index, follow",0,""
"/privacy-policy/","KP Fasteners Privacy Policy &amp; Data Protection Notice | KP",61,"KP Fasteners privacy policy for RFQs, drawing uploads &amp; website use. Minimum data collected for quote processing under DPDPA 2023. Draft pending legal review.",162,"https://kpfasteners.com/privacy-policy/",PASS,1,"WebPage;BreadcrumbList;BreadcrumbList;Organization;WebSite;LocalBusiness","https://kpfasteners.com/brand/logo.jpg.jpeg","index, follow",0,""
"/terms/","KP Fasteners Terms of Use &amp; Industrial Supply Terms | KP",60,"KP Fasteners terms of use and commercial supply for RFQs, drawing evaluations, order fulfilment and website use. Draft terms subject to Indian legal review.",156,"https://kpfasteners.com/terms/",PASS,1,"WebPage;BreadcrumbList;BreadcrumbList;Organization;WebSite;LocalBusiness","https://kpfasteners.com/brand/logo.jpg.jpeg","index, follow",0,""